{"tgbl-enron": {"times": [0.014282569056376815, 0.0035503790713846684, 0.0034957360476255417], "avg_time": 0.007109561391795675}, "tgbl-lastfm": {"times": [0.055440034018829465, 0.043010421097278595, 0.04225424397736788], "avg_time": 0.04690156636449198}, "tgbl-subreddit": {"times": [0.21260947710834444, 0.21180905704386532, 0.21216472890228033], "avg_time": 0.21219442101816335}, "tgbl-uci": {"times": [0.0030105800833553076, 0.0028201709501445293, 0.0024415371008217335], "avg_time": 0.00275742937810719}, "tgbl-wiki": {"times": [0.039353401167318225, 0.039499016012996435, 0.03934458480216563], "avg_time": 0.039399000660826765}}