{"seed": 0, "dataset": "tgbl-subreddit", "bsize": 200, "device": "cuda", "epochs": 1, "lr": 0.0002, "dropout": 0.1, "n_nbrs": 20, "time_dim": 100, "embed_dim": 128, "node_dim": 100, "time_gap": 2000, "token_dim_expansion": 0.5, "channel_dim_expansion": 4.0, "capture_gpu": true, "capture_cprofile": null, "task": "linkproppred", "method": "graphmixer", "current_time": "2025_09_16_22_33_29", "git_hash": "cffc036999856d2ddc159f9a5ab01752775d5b87", "ram_available_gb": 1002.2343978881836, "cpu_info": "64-core AMD EPYC 7543 32-Core Processor", "gpu_info": "NVIDIA A100-SXM4-80GB:81920 MiB\n", "val_mrr": 0.43939658999443054, "train_latency_s": 310.7462480349932, "val_latency_s": 2414.4386259228922, "peak_gpu_gb": 2.624852992}